<?xml version="1.0" encoding="UTF-8"?>
<project-private xmlns="http://www.netbeans.org/ns/project-private/1">
    <editor-bookmarks xmlns="http://www.netbeans.org/ns/editor-bookmarks/2" lastBookmarkId="0"/>
    <open-files xmlns="http://www.netbeans.org/ns/projectui-open-files/2">
        <group>
            <file>file:/Users/chaitanya/NetBeansProjects/Inamdar_Chaitanya_002778948_Hospital_System/src/Model/PatientDirectory.java</file>
            <file>file:/Users/chaitanya/NetBeansProjects/Inamdar_Chaitanya_002778948_Hospital_System/src/ui/UpdateHospPatientAJPanel.java</file>
            <file>file:/Users/chaitanya/NetBeansProjects/Inamdar_Chaitanya_002778948_Hospital_System/src/ui/PatientViewEncounter.java</file>
            <file>file:/Users/chaitanya/NetBeansProjects/Inamdar_Chaitanya_002778948_Hospital_System/src/Model/CreatePersonHistory.java</file>
            <file>file:/Users/chaitanya/NetBeansProjects/Inamdar_Chaitanya_002778948_Hospital_System/src/ui/PatientActionForm.java</file>
        </group>
    </open-files>
</project-private>
